<?xml version="1.0" encoding="utf-8" ?>

<LanguageUI>
	<KeyboardLocale>
		<option value="0000041c">Albanian</option>
		<option value="00000401">Arabic (101)</option>
		<option value="00010401">Arabic (102)</option>
		<option value="00020401">Arabic (102) AZERTY</option>
		<option value="0000042b">Armenian Eastern</option>
		<option value="0001042b">Armenian Western</option>
		<option value="0000044d">ASSAMESE - INSCRIPT</option>
		<option value="0000082c">Azerbaijani Cyrillic</option>
		<option value="0000042c">Azerbaijani Latin</option>
		<option value="0000046d">Bashkir</option>
		<option value="00000423">Belarusian</option>
		<option value="0001080c">Belgian (Comma)</option>
		<option value="00000813">Belgian (Period)</option>
		<option value="0000080c">Belgian French</option>
		<option value="00000445">Bangla</option>
		<option value="00020445">Bangla - INSCRIPT</option>
		<option value="00010445">Bangla - INSCRIPT (Legacy)</option>
		<option value="0000201a">Bosnian (Cyrillic)</option>
		<option value="00030402">Bulgarian</option>
		<option value="00010402">Bulgarian (Latin)</option>
		<option value="00020402">Bulgarian (phonetic layout)</option>
		<option value="00040402">Bulgarian (phonetic traditional)</option>
		<option value="00001009">Canadian French</option>
		<option value="00000c0c">Canadian French (Legacy)</option>
		<option value="00011009">Canadian Multilingual Standard</option>
		<option value="00000804">Chinese (Simplified) - US Keyboard</option>
		<option value="00000404">Chinese (Traditional) - US Keyboard</option>
		<option value="00001404">Chinese (Traditional Macao S.A.R.) US Keyboard</option>
		<option value="00001004">Chinese (Simplified, Singapore) - US keyboard</option>
		<option value="0000041a">Croatian</option>
		<option value="00000405">Czech</option>
		<option value="00010405">Czech (QWERTY)</option>
		<option value="00020405">Czech Programmers</option>
		<option value="00000406">Danish</option>
		<option value="00000439">Devanagari-INSCRIPT</option>
		<option value="00000465">Divehi Phonetic</option>
		<option value="00010465">Divehi Typewriter</option>
		<option value="00000413">Dutch</option>
		<option value="00000425">Estonian</option>
		<option value="00000438">Faeroese</option>
		<option value="0000040b">Finnish</option>
		<option value="0001083b">Finnish with Sami</option>
		<option value="0000040c">French</option>
		<option value="00011809">Gaelic</option>
		<option value="00000437">Georgian</option>
		<option value="00020437">Georgian (Ergonomic)</option>
		<option value="00010437">Georgian (QWERTY)</option>
		<option value="00000407">German</option>
		<option value="00010407">German (IBM)</option>
		<option value="00000408">Greek</option>
		<option value="00010408">Greek (220)</option>
		<option value="00030408">Greek (220) Latin</option>
		<option value="00020408">Greek (319)</option>
		<option value="00040408">Greek (319) Latin</option>
		<option value="00050409">Greek Latin</option>
		<option value="00060408">Greek Polytonic</option>
		<option value="0000046f">Greenlandic</option>
		<option value="00000447">Gujarati</option>
		<option value="00000468">Hausa</option>
		<option value="0000040d">Hebrew</option>
		<option value="00010439">Hindi Traditional</option>
		<option value="0000040e">Hungarian</option>
		<option value="0001040e">Hungarian 101-key</option>
		<option value="0000040f">Icelandic</option>
		<option value="00000470">Igbo</option>
		<option value="0000085d">Inuktitut - Latin</option>
		<option value="0001045d">Inuktitut - Naqittaut</option>
		<option value="00001809">Irish</option>
		<option value="00000410">Italian</option>
		<option value="00010410">Italian (142)</option>
		<option value="00000411">Japanese</option>
		<option value="0000044b">Kannada</option>
		<option value="0000043f">Kazakh</option>
		<option value="00000453">Khmer</option>
		<option value="00000412">Korean</option>
		<option value="00000440">Kyrgyz Cyrillic</option>
		<option value="00000454">Lao</option>
		<option value="0000080a">Latin American</option>
		<option value="00000426">Latvian</option>
		<option value="00010426">Latvian (QWERTY)</option>
		<option value="00010427">Lithuanian</option>
		<option value="00000427">Lithuanian IBM</option>
		<option value="00020427">Lithuanian New</option>
		<option value="0000046e">Luxembourgish</option>
		<option value="0000042f">Macedonian, FYRO</option>
		<option value="0001042f">Macedonian, FYRO - Standard</option>
		<option value="0000044c">Malayalam</option>
		<option value="0000043a">Maltese 47-Key</option>
		<option value="0001043a">Maltese 48-key</option>
		<option value="00000481">Maori</option>
		<option value="0000044e">Marathi</option>
		<option value="00000850">Mongolian (Mongolian Script)</option>
		<option value="00000450">Mongolian Cyrillic</option>
		<option value="00000461">Nepali</option>
		<option value="00000414">Norwegian</option>
		<option value="0000043b">Norwegian with Sami</option>
		<option value="00000448">Odia</option>
		<option value="00000463">Pashto (Afghanistan)</option>
		<option value="00000429">Persian</option>
		<option value="00010415">Polish (214)</option>
		<option value="00000415">Polish (Programmers)</option>
		<option value="00000816">Portuguese</option>
		<option value="00000416">Portuguese (Brazil ABNT)</option>
		<option value="00010416">Portuguese (Brazil ABNT2)</option>
		<option value="00000446">Punjabi</option>
		<option value="00000418">Romanian (Legacy)</option>
		<option value="00020418">Romanian (Programmers)</option>
		<option value="00010418">Romanian (Standard)</option>
		<option value="00000419">Russian</option>
		<option value="00010419">Russian (Typewriter)</option>
		<option value="0002083b">Sami Extended Finland-Sweden</option>
		<option value="0001043b">Sami Extended Norway</option>
		<option value="00000c1a">Serbian (Cyrillic)</option>
		<option value="0000081a">Serbian (Latin)</option>
		<option value="0000046c">Sesotho sa Leboa</option>
		<option value="00000432">Setswana</option>
		<option value="0000045b">Sinhala</option>
		<option value="0001045b">Sinhala - wij 9</option>
		<option value="0000041b">Slovak</option>
		<option value="0001041b">Slovak (QWERTY)</option>
		<option value="00000424">Slovenian</option>
		<option value="0001042e">Sorbian Extended</option>
		<option value="0002042e">Sorbian Standard</option>
		<option value="0000042e">Sorbian Standard (Legacy)</option>
		<option value="0000040a">Spanish</option>
		<option value="0001040a">Spanish Variation</option>
		<option value="0000041d">Swedish</option>
		<option value="0000083b">Swedish with Sami</option>
		<option value="0000100c">Swiss French</option>
		<option value="00000807">Swiss German</option>
		<option value="0000045a">Syriac</option>
		<option value="0001045a">Syriac Phonetic</option>
		<option value="00000428">Tajik</option>
		<option value="00000449">Tamil</option>
		<option value="00000444">Tatar</option>
		<option value="0000044a">Telugu</option>
		<option value="0000041e">Thai Kedmanee</option>
		<option value="0002041e">Thai Kedmanee (non-ShiftLock)</option>
		<option value="0001041e">Thai Pattachote</option>
		<option value="0003041e">Thai Pattachote (non-ShiftLock)</option>
		<option value="00000451">Tibetan (PRC)</option>
		<option value="0001041f">Turkish F</option>
		<option value="0000041f">Turkish Q</option>
		<option value="00000442">Turkmen</option>
		<option value="00000480">Uyghur (Legacy)</option>
		<option value="00000422">Ukrainian</option>
		<option value="00020422">Ukrainian (Enhanced)</option>
		<option value="00000809">United Kingdom</option>
		<option value="00000452">United Kingdom Extended</option>
		<option value="00010409">United States - Dvorak</option>
		<option value="00020409">United States - International</option>
		<option value="00030409">United States - Dvorak for left hand</option>
		<option value="00040409">United States - Dvorak for right hand</option>
		<option value="00000409">United States - English</option>
		<option value="00000420">Urdu</option>
		<option value="00010480">Uyghur</option>
		<option value="00000843">Uzbek Cyrillic</option>
		<option value="0000042a">Vietnamese</option>
		<option value="00000488">Wolof</option>
		<option value="00000485">Yakut</option>
		<option value="0000046a">Yoruba</option>				
	</KeyboardLocale>

	<TimeZone>
		<option value="Morocco Standard Time">(UTC) Casablanca</option>
		<option value="Coordinated Universal Time">(UTC) Coordinated Universal Time</option>
		<option value="GMT Standard Time">(UTC) Dublin, Edinburgh, Lisbon, London</option>
		<option value="Greenwich Standard Time">(UTC) Monrovia, Reykjavik</option>
		<option value="W. Europe Standard Time">(UTC+01:00) Amsterdam, Berlin, Bern, Rome, Stockholm, Vienna</option>
		<option value="Central Europe Standard Time">(UTC+01:00) Belgrade, Bratislava, Budapest, Ljubljana, Prague</option>
		<option value="Romance Standard Time">(UTC+01:00) Brussels, Copenhagen, Madrid, Paris</option>
		<option value="Central European Standard Time">(UTC+01:00) Sarajevo, Skopje, Warsaw, Zagreb</option>
		<option value="W. Central Africa Standard Time">(UTC+01:00) West Central Africa</option>
		<option value="Namibia Standard Time">(UTC+01:00) Windhoek</option>
		<option value="Jordan Standard Time">(UTC+02:00) Amman</option>
		<option value="GTB Standard Time">(UTC+02:00) Athens, Bucharest</option>
		<option value="Middle East Standard Time">(UTC+02:00) Beirut</option>
		<option value="Egypt Standard Time">(UTC+02:00) Cairo</option>
		<option value="Syria Standard Time">(UTC+02:00) Damascus</option>
		<option value="E. Europe Standard Time">(UTC+02:00) E. Europe</option>
		<option value="South Africa Standard Time">(UTC+02:00) Harare, Pretoria</option>
		<option value="FLE Standard Time">(UTC+02:00) Helsinki, Kyiv, Riga, Sofia, Tallinn, Vilnius</option>
		<option value="Turkey Standard Time">(UTC+02:00) Istanbul</option>
		<option value="Jerusalem Standard Time">(UTC+02:00) Jerusalem</option>
		<option value="Russia TZ 1 Standard Time">(UTC+02:00) Kaliningrad (RTZ 1)</option>
		<option value="Libya Standard Time">(UTC+02:00) Tripoli</option>
		<option value="Arabic Standard Time">(UTC+03:00) Baghdad</option>
		<option value="Arab Standard Time">(UTC+03:00) Kuwait, Riyadh</option>
		<option value="Belarus Standard Time">(UTC+03:00) Minsk</option>
		<option value="Russia TZ 2 Standard Time">(UTC+03:00) Moscow, St. Petersburg, Volgograd (RTZ 2)</option>
		<option value="E. Africa Standard Time">(UTC+03:00) Nairobi</option>
		<option value="Iran Standard Time">(UTC+03:30) Tehran</option>
		<option value="Arabian Standard Time">(UTC+04:00) Abu Dhabi, Muscat</option>
		<option value="Azerbaijan Standard Time">(UTC+04:00) Baku</option>
		<option value="Russia TZ 3 Standard Time">(UTC+04:00) Izhevsk, Samara (RTZ 3)</option>
		<option value="Mauritius Standard Time">(UTC+04:00) Port Louis</option>
		<option value="Georgian Standard Time">(UTC+04:00) Tbilisi</option>
		<option value="Caucasus Standard Time">(UTC+04:00) Yerevan</option>
		<option value="Afghanistan Standard Time">(UTC+04:30) Kabul</option>
		<option value="West Asia Standard Time">(UTC+05:00) Ashgabat, Tashkent</option>
		<option value="Russia TZ 4 Standard Time">(UTC+05:00) Ekaterinburg (RTZ 4)</option>
		<option value="Pakistan Standard Time">(UTC+05:00) Islamabad, Karachi</option>
		<option value="India Standard Time">(UTC+05:30) Chennai, Kolkata, Mumbai, New Delhi</option>
		<option value="Sri Lanka Standard Time">(UTC+05:30) Sri Jayawardenepura</option>
		<option value="Nepal Standard Time">(UTC+05:45) Kathmandu</option>
		<option value="Central Asia Standard Time">(UTC+06:00) Astana</option>
		<option value="Bangladesh Standard Time">(UTC+06:00) Dhaka</option>
		<option value="Russia TZ 5 Standard Time">(UTC+06:00) Novosibirsk (RTZ 5)</option>
		<option value="Myanmar Standard Time">(UTC+06:30) Yangon (Rangoon)</option>
		<option value="SE Asia Standard Time">(UTC+07:00) Bangkok, Hanoi, Jakarta</option>
		<option value="Russia TZ 6 Standard Time">(UTC+07:00) Krasnoyarsk (RTZ 6)</option>
		<option value="China Standard Time">(UTC+08:00) Beijing, Chongqing, Hong Kong, Urumqi</option>
		<option value="Russia TZ 7 Standard Time">(UTC+08:00) Irkutsk (RTZ 7)</option>
		<option value="Malay Peninsula Standard Time">(UTC+08:00) Kuala Lumpur, Singapore</option>
		<option value="W. Australia Standard Time">(UTC+08:00) Perth</option>
		<option value="Taipei Standard Time">(UTC+08:00) Taipei</option>
		<option value="Ulaanbaatar Standard Time">(UTC+08:00) Ulaanbaatar</option>
		<option value="Tokyo Standard Time">(UTC+09:00) Osaka, Sapporo, Tokyo</option>
		<option value="Korea Standard Time">(UTC+09:00) Seoul</option>
		<option value="Russia TZ 8 Standard Time">(UTC+09:00) Yakutsk (RTZ 8)</option>
		<option value="Cen. Australia Standard Time">(UTC+09:30) Adelaide</option>
		<option value="AUS Central Standard Time">(UTC+09:30) Darwin</option>
		<option value="E. Australia Standard Time">(UTC+10:00) Brisbane</option>
		<option value="AUS Eastern Standard Time">(UTC+10:00) Canberra, Melbourne, Sydney</option>
		<option value="West Pacific Standard Time">(UTC+10:00) Guam, Port Moresby</option>
		<option value="Tasmania Standard Time">(UTC+10:00) Hobart</option>
		<option value="Magadan Standard Time">(UTC+10:00) Magadan</option>
		<option value="Russia TZ 9 Standard Time">(UTC+10:00) Vladivostok, Magadan (RTZ 9)</option>
		<option value="Russia TZ 10 Standard Time">(UTC+11:00) Chokurdakh (RTZ 10)</option>
		<option value="Central Pacific Standard Time">(UTC+11:00) Solomon Is., New Caledonia</option>
		<option value="Russia TZ 11 Standard Time">(UTC+12:00) Anadyr, Petropavlovsk-Kamchatsky (RTZ 11)</option>
		<option value="New Zealand Standard Time">(UTC+12:00) Auckland, Wellington</option>
		<option value="UTC+12">(UTC+12:00) Coordinated Universal Time+12</option>
		<option value="Fiji Standard Time">(UTC+12:00) Fiji</option>
		<option value="Kamchatka Standard Time">(UTC+12:00) Petropavlovsk-Kamchatsky - Old</option>
		<option value="Tonga Standard Time">(UTC+13:00) Nuku'alofa</option>
		<option value="Samoa Standard Time">(UTC+13:00) Samoa</option>
		<option value="Line Islands Standard Time">(UTC+14:00) Kiritimati Island</option>			  
		<option value="Dateline Standard Time">(UTC-12:00) International Date Line West</option>
		<option value="UTC-11">(UTC-11:00) Coordinated Universal Time-11</option>
		<option value="Hawaiian Standard Time">(UTC-10:00) Hawaii</option>
		<option value="Alaskan Standard Time">(UTC-09:00) Alaska</option>
		<option value="Pacific Standard Time (Mexico)">(UTC-08:00) Baja California</option>
		<option value="Pacific Standard Time">(UTC-08:00) Pacific Time (US &amp; Canada)</option>
		<option value="US Mountain Standard Time">(UTC-07:00) Arizona</option>
		<option value="Mountain Standard Time (Mexico)">(UTC-07:00) Chihuahua, La Paz, Mazatlan</option>
		<option value="Mountain Standard Time">(UTC-07:00) Mountain Time (US &amp; Canada)</option>
		<option value="Central America Standard Time">(UTC-06:00) Central America</option>
		<option value="Central Standard Time">(UTC-06:00) Central Time (US &amp; Canada)</option>
		<option value="Central Standard Time (Mexico)">(UTC-06:00) Guadalajara, Mexico City, Monterrey</option>
		<option value="Canada Central Standard Time">(UTC-06:00) Saskatchewan</option>
		<option value="SA Pacific Standard Time">(UTC-05:00) Bogota, Lima, Quito, Rio Branco</option>
		<option value="Eastern Standard Time (Mexico)">(UTC-05:00) Chetumal</option>
		<option value="Eastern Standard Time">(UTC-05:00) Eastern Time (US &amp; Canada)</option>
		<option value="US Eastern Standard Time">(UTC-05:00) Indiana (East)</option>
		<option value="Venezuela Standard Time">(UTC-04:30) Caracas</option>
		<option value="Paraguay Standard Time">(UTC-04:00) Asuncion</option>
		<option value="Atlantic Standard Time">(UTC-04:00) Atlantic Time (Canada)</option>
		<option value="Central Brazilian Standard Time">(UTC-04:00) Cuiaba</option>
		<option value="SA Western Standard Time">(UTC-04:00) Georgetown, La Paz, Manaus, San Juan</option>
		<option value="Newfoundland Standard Time">(UTC-03:30) Newfoundland</option>
		<option value="E. South America Standard Time">(UTC-03:00) Brasilia</option>
		<option value="SA Eastern Standard Time">(UTC-03:00) Cayenne, Fortaleza</option>
		<option value="Argentina Standard Time">(UTC-03:00) City of Buenos Aires</option>
		<option value="Greenland Standard Time">(UTC-03:00) Greenland</option>
		<option value="Montevideo Standard Time">(UTC-03:00) Montevideo</option>
		<option value="Bahia Standard Time">(UTC-03:00) Salvador</option>
		<option value="Pacific SA Standard Time">(UTC-03:00) Santiago</option>
		<option value="UTC-02">(UTC-02:00) Coordinated Universal Time-02</option>
		<option value="Mid-Atlantic Standard Time">(UTC-02:00) Mid-Atlantic - Old</option>
		<option value="Azores Standard Time">(UTC-01:00) Azores</option>
		<option value="Cabo Verde Standard Time">(UTC-01:00) Cabo Verde Is.</option>
	</TimeZone>
</LanguageUI>